2232,g5555
2232,g5555
2232,g5555
2232,g5555
2232,g5555
2232,g5555
2232,g5555
2232,g5555
2232,g5555
2232,g5555
2232,g5555
2232,g5555
2232,g5555
2232,g5555
2232,g5555
2232,g5555
2232,g5555
2232,g5555
2232,g5555
2232,g5555
2232,g5555
2232,g5555
2232,g5555
2232,g5555
2232,g5555
2232,g5555
2232,g5555
2232,g5555
2232,g5555
2232,g5555
2232,g5555
2232,g5555
2232,g5555
2232,g5555
2232,g5555
2232,g5555
2232,g5555
2232,g5555
2232,g5555
2232,g5555
2232,g5555
2232,g5555
2232,g5555
2232,g5555
2232,g5555
2232,g5555
2232,g5555
2232,g5555
2232,g5555
2232,g5555
2232,g5555
2232,g5555
2232,g5555
2232,g5555
2232,g5555
2232,g5555
2232,g5555
2232,g5555
2232,g5555
2232,g5555
2232,g5555
2232,g5555
2232,g5555
2232,g5555
2232,g5555
2232,g5555
2232,g5555
2232,g5555
2232,g5555
2232,g5555
2232,g5555
2232,g5555
2232,g5555
2232,g5555
2232,g5555
2232,g5555
2232,g5555
2232,g5555
2232,g5555
2232,g5555
2232,g5555
2232,g5555
2232,g5555
2232,g5555
2232,g5555
2232,g5555
2232,g5555
2232,g5555
2232,g5555
2232,g5555
2232,g5555
2232,g5555
2232,g5555
2232,g5555
2232,g5555
2232,g5555
2232,g5555
2232,g5555
2232,g5555
2232,g5555