211232,g5555
221132,g5555
2232,g5555
21121131,g5555
2231,g5555
22131,g5555
22133,g5555
2232,g5555
2231,g5555
2232,g5555
221132,g5555
211232,g5555
22232,g5555
222232,g5555
222232,g5555
2232,g5555
223222,g5555
2232,g5555
2232,g5555
221132,g5555
2232,g5555
2232,g5555
211232,g5555
2232,g5555
2232,g5555
223112,g5555
22532,g5555
2232,g5555
2232,g5555
211232,g5555
211232,g5555
2232,g5555
221132,g5555
2232,g5555
2232,g5555
221132,g5555
2232,g5555
221132,g5555
211232,g5555
2232,g5555
2232,g5555
2232,g5555
221132,g5555
2232,g5555
2232,g5555
22532,g5555
2232,g5555
2232,g5555
221132,g5555
22832,g5555
2232,g5555
22732,g5555
2232,g5555
72232,g5555
2232,g5555
2232,g5555
22362,g5555
2232,g5555
2232,g5555
2232,g5555
2232,g5555
2232,g5555
22352,g5555
2232,g5555
22432,g5555
2232,g5555
22432,g5555
2232,g5555
2232,g5555
223332,g5555
2232,g5555
2232,g5555
225432,g5555
2232,g5555
2232,g5555
2232,g5555
2232,g5555
2232,g5555
222332,g5555
2232,g5555
2232,g5555
2232,g5555
22232,g5555
2232,g5555
243232,g5555
2232,g5555
267232,g5555
2232,g5555
2232,g5555
25232,g5555
2232,g5555
22342,g5555
2232,g5555
2232,g5555
22232,g5555
2232,g5555
222332,g5555
2232,g5555
22232,g5555
2232,g5555
2232,g5555
2232,g5555
2232,g5555
2232,g5555
2232,g5555
2232,g5555
2232,g5555
2232,g5555
2232,g5555
224532,g5555
2232,g5555
2232,g5555
2232,g5555
2232,g5555
2232,g5555
2232,g5555
223432,g5555
2232,g5555
2232,g5555
2232,g5555
2232,g5555
2232,g5555
2232,g5555
226632,g5555
223662,g5555
2232,g5555
2232,g5555
2232,g5555
6662232,g5555
2232,g5555
2455232,g5555
2232,g5555
2232,g5555
2232,g5555
223332,g5555
226632,g5555
2232,g5555
2232,g5555
2232,g5555
223332,g5555
2232,g5555
2232,g5555
2232,g5555
2232,g5555
2232,g5555
2232,g5555
2232,g5555
2222332,g5555
2232,g5555
2232,g5555
2232,g5555
2232,g5555
22385442,g5555
2232,g5555
2232,g5555
2277832,g5555
22322232,g5555
2232,g5555
2232,g5555
2232,g5555
223332,g5555
2232,g5555
2232,g5555
2666232,g5555
2232,g5555
2232,g5555
233443535232,g5555
2232,g5555
22232,g5555
2232,g5555
2222432,g5555
2232,g5555
2232,g5555
2245322232,g5555
2232,g5555
2232,g5555
2232,g5555
2232,g5555
2224232,g5555
2232,g5555
2232,g5555
224234232,g5555
2232,g5555
24564232,g5555
2232,g5555
24647232,g5555
25464232,g5555
2232,g5555
2232,g5555
22242432,g5555
2232,g5555
2232,g5555
2232,g5555
222424232,g5555
2232,g5555
222423432,g5555
2232,g5555
2223424232,g5555
2232,g5555
223632,g5555
223234532,g5555
2232,g5555
222342432,g5555
2232,g5555
2232,g5555
2232,g5555
2232,g5555
2232,g5555
224632,g5555
2232,g5555
246232,g5555
2232,g5555
2232,g5555
223352,g5555
2345232,g5555
2232,g5555
22344532,g5555
2232,g5555
224632,g5555
2232,g5555
223453532,g5555
2278932,g5555
227932,g5555
2232,g5555
2297932,g5555
2245632,g5555
2232,g5555
2567232,g5555
2279732,g5555
2232,g5555
2232,g5555
22376862,g5555
2232,g5555
2232,g5555
2232,g5555
223572,g5555
2232,g5555
2232,g5555
223572,g5555
2232,g5555
223567572,g5555
2232,g5555
2232,g5555
2232,g5555
2232,g5555
2267832,g5555
2232,g5555
2232,g5555
2232,g5555
227532,g5555
2232,g5555
2232,g5555
2267432,g5555
2232,g5555
225675732,g5555
2232,g5555
2232,g5555
223453532,g5555
2232,g5555
2232,g5555
2232,g5555
2232,g5555
22464632,g5555
2232,g5555
2232,g5555
2232,g5555
24646232,g5555
2232,g5555
2232,g5555
22456432,g5555
2232,g5555
22456432,g5555
2232,g5555
2232,g5555
25757232,g5555
2232,g5555
22475732,g5555
2232,g5555
2567232,g5555
2232,g5555
224564632,g5555
2232,g5555
2232,g5555
22575732,g5555
223122,g5555
2232,g5555
2212312332,g5555
2232,g5555
2232,g5555
2232,g5555
2232,g5555
22323422,g5555
2232,g5555
2232,g5555
2232,g5555
22353123132,g5555
2232,g5555
2232,g5555
2232,g5555
2353232,g5555
2232,g5555
2232,g5555
2234532,g5555
2232,g5555
2232,g5555
2232,g5555
2235332,g5555
223345342,g5555
2232,g5555
2232,g5555
22345332,g5555
2232,g5555
233232,g5555
2232,g5555
2232,g5555
22464632,g5555
223352,g5555
2246432,g5555
2232,g5555
2232,g5555
22464532,g5555
2232,g5555
2232,g5555
2464232,g5555
2232,g5555
2234642,g5555
2232,g5555
22432,g5555
2232,g5555
2232,g5555
2246432,g5555
2232,g5555
2232,g5555
2232,g5555
224532,g5555
224532,g5555
224532,g5555
22342,g5555
2232,g5555
22342,g5555
2232,g5555
22324,g5555
2232,g5555
2232,g5555
2246432,g5555
2232,g5555
2456232,g5555
2232,g5555
22432,g5555
224532,g5555
2232,g5555
224532,g5555
22432,g5555
2232,g5555
22432,g5555
2232,g5555
2232,g5555
2232,g5555
4562232,g5555
2232,g5555
2232,g5555
2232,g5555
24646232,g5555
2232,g5555
22346462,g5555
2232,g5555
2232,g5555
2232,g5555
2246432,g5555
2232,g5555
2232,g5555
22346462,g5555
2232,g5555
2232,g5555
24646232,g5555
2232,g5555
22678632,g5555
2232,g5555
2232,g5555
26786232,g5555
2246432,g5555
2232,g5555
2232,g5555
22465732,g5555
2232,g5555
2232,g5555
2232,g5555
2232,g5555
2232,g5555
234535232,g5555
2232,g5555
2232,g5555
2232,g5555
2235424232,g5555
2232,g5555
22423232,g5555
2232,g5555
2234532,g5555
2232,g5555
2232,g5555
23435242232,g5555
2232,g5555
2232,g5555
2345232,g5555
2232,g5555
2232,g5555
22464632,g5555
2646232,g5555
2232,g5555
2232,g5555
2232,g5555
22353532,g5555
2232,g5555
22464632,g5555
2232,g5555
2232,g5555
2232,g5555
26757232,g5555
2232,g5555
2232,g5555
257232,g5555
24646232,g5555
2232,g5555
2232,g5555
2232,g5555
223475672,g5555
2232,g5555
2232,g5555
22242432,g5555
2232,g5555
2678678232,g5555
22242432,g5555
2232,g5555
2232,g5555
25234234757232,g5555
2232,g5555
2232,g5555
2232,g5555
222342432,g5555
2232,g5555
2232,g5555
2575232,g5555
25757232,g5555
2232,g5555
2232,g5555
25757232,g5555
2232,g5555
223756562,g5555
2232,g5555
2232,g5555
2232,g5555
223466732,g5555
2267867832,g5555
2232,g5555
226786832,g5555
2232,g5555
57562232,g5555
2232,g5555
2232,g5555
2232,g5555
2232,g5555
2232,g5555
2232,g5555
24535232,g5555
2232,g5555
267867232,g5555
22234232,g5555
2232,g5555
2232,g5555
2267867832,g5555
2232,g5555
2232,g5555
2232,g5555
2232,g5555
2224232,g5555
2232,g5555
2232,g5555
2224232,g5555
2232,g5555
2232,g5555
2232,g5555
2232,g5555
2232,g5555
2232,g5555
2232,g5555
224234232,g5555
2232,g5555
2232,g5555
22424232,g5555
2232,g5555
2232,g5555
2224232,g5555
2422232,g5555
2232,g5555
2232,g5555
2232,g5555
22424232,g5555
2232,g5555
2232,g5555
22323422,g5555
2232,g5555
22242432,g5555
2232,g5555
2232,g5555
2232,g5555
2232,g5555
2232,g5555
2686232,g5555
2232,g5555
2232,g5555
25758232,g5555
2232,g5555
2232,g5555
2757232,g5555
2232,g5555
2232,g5555
22356432,g5555
2232,g5555
2232,g5555
2232,g5555
2232,g5555
2232,g5555
2224232,g5555
2232,g5555
2232,g5555
2232,g5555
2232,g5555
2232,g5555
2232,g5555
2232,g5555
2232,g5555
2232,g5555
2223432,g5555
2232,g5555
2232,g5555
224232,g5555
2232,g5555
2232,g5555
22242432,g5555
2232,g5555
2232,g5555
2232,g5555
2232,g5555
223454632,g5555
224632,g5555
2232,g5555
2232,g5555
223424232,g5555
2232,g5555
2232,g5555
2232,g5555
2232,g5555
2232,g5555
2232,g5555
2232,g5555
2232,g5555
2232,g5555
222432,g5555
2232,g5555
228032,g5555
2232,g5555
2232,g5555
2276898732,g5555
224232,g5555
2232,g5555
297970232,g5555
2232,g5555
2232,g5555
2232,g5555
2245657532,g5555
2232,g5555
2232,g5555
2232,g5555
2232,g5555
2232,g5555
2232,g5555
2232,g5555
2232,g5555
2232,g5555
2232,g5555
2232,g5555
25757232,g5555
757,g5555
2232,g5555
46,g5555
2232,g5555
22324252,g5555
2232,g5555
2232,g5555
2232,g5555
225732,g5555
2232,g5555
2232,g5555
2232,g5555
25672324242,g5555
2232,g5555
2232,g5555
257232,g5555
2232,g5555
2232,g5555
2232,g5555
2232,g5555
2232,g5555
2232,g5555
2232,g5555
2232,g5555
227942432,g5555
2232,g5555
2232,g5555
2232,g5555
2232,g5555
2232,g5555
22356782,g5555
2232,g5555
22242332,g5555
2232,g5555
2232,g5555
2232,g5555
2232,g5555
2232,g5555
2232,g5555
2232,g5555
2232,g5555
2232,g5555
2232,g5555
2232,g5555
2234534532,g5555
2232,g5555
2232,g5555
223453532,g5555
2232,g5555
2232,g5555
2232,g5555
2223424532,g5555
2232,g5555
2232,g5555
2232,g5555
2232,g5555
2232,g5555
2232,g5555
2232,g5555
2232,g5555
2232,g5555
2232,g5555
2232,g5555
2232,g5555
2232,g5555
2232,g5555
2232,g5555
2232,g5555
2232,g5555
2232,g5555
2232,g5555
2232,g5555
2232,g5555
2232,g5555
2232,g5555
245242232,g5555
2232,g5555
2232,g5555
2232,g5555
2232,g5555
2256786867832,g5555
2232,g5555
2232,g5555
2232,g5555
2232,g5555
2232,g5555
2232,g5555
235346467232,g5555
2232,g5555
2232,g5555
2232,g5555
2232,g5555
2232,g5555
2232,g5555
2232,g5555
2646467456232,g5555
2232,g5555
2232,g5555
22345356432,g5555
2232,g5555
2232,g5555
2232,g5555
2242432,g5555
2232,g5555
22242342532,g5555
2232,g5555
2232,g5555
2232,g5555
2232,g5555
2232,g5555
2232,g5555
2232,g5555
2232,g5555
2232,g5555
2232,g5555
2232,g5555
2232,g5555
2232,g5555
2232,g5555
2232,g5555
2232,g5555
2232,g5555
2232,g5555
246232,g5555
2232,g5555
223646772,g5555
2232,g5555
2232,g5555
235364232,g5555
2232,g5555
2232,g5555
2232,g5555
223535332,g5555
2232,g5555
2232,g5555
2232,g5555
2232,g5555
2242353532,g5555
2345232,g5555
2232,g5555
2232,g5555
22345332,g5555
2232,g5555
2232,g5555
23535232,g5555
2232,g5555
2232,g5555
2232,g5555
2232,g5555
2232,g5555
2232,g5555
2232,g5555
2235332,g5555
2232,g5555
2232,g5555
223534532,g5555
2232,g5555
2232,g5555
2232,g5555
2233453452,g5555
2232,g5555
2232,g5555
2235353532,g5555
2232,g5555
2232,g5555
2232,g5555
2232,g5555
2232,g5555
2232,g5555
2232,g5555
2232,g5555
2232,g5555
2232,g5555
2232,g5555
2232,g5555
2232,g5555
2232,g5555
2232,g5555
2232,g5555
2232,g5555
2232,g5555
22353532,g5555
2232,g5555
2232,g5555
2232,g5555
2232,g5555
223345352,g5555
2232,g5555
2232,g5555
2232,g5555
2232,g5555
2232,g5555
2232,g5555
2232,g5555
2232,g5555
2232,g5555
2232,g5555
2232,g5555
2232,g5555
2232111,g5555
2232,g5555
2232,g5555
22321111,g5555
2232,g5555
2232,g5555
2232,g5555
2232,g5555
2231112,g5555
2232111,g5555
22335352,g5555
2232,g5555
2232,g5555
223534532,g5555
2232,g5555
2232,g5555
2232,g5555
2232,g5555
2232,g5555
2232,g5555
2232,g5555
2232,g5555
2232,g5555
2232,g5555
2232,g5555
2232,g5555
2232111,g5555
2232111,g5555
2232111,g5555
2232111,g5555
22312,g5555
2232111,g5555
2232111,g5555
2232111,g5555
2232111,g5555
2232111,g5555
2232111,g5555
2232111,g5555
2232111,g5555
2232111,g5555
2232111,g5555
2232111,g5555
2232111,g5555
2232111,g5555
2232111,g5555
2232111,g5555
2232111,g5555
2232111,g5555
2232111,g5555
2232111,g5555
2232111,g5555
2232111,g5555
2232111,g5555
2232111,g5555
2232111,g5555
2232111,g5555
2232111,g5555
2232111,g5555
2232111,g5555
2232111,g5555
2232111,g5555
2232111,g5555
2232111,g5555
2232111,g5555
2232111,g5555
2232111,g5555
2232111,g5555
2232111,g5555
2232111,g5555
2232111,g5555
2232111,g5555
2232111,g5555
2232111,g5555
2232111,g5555
2232111,g5555
2232111,g5555
2232111,g5555
2232111,g5555
2232111,g5555
2232111,g5555
2232111,g5555
2232111,g5555
2232111,g5555
2232111,g5555
2232111,g5555
2232111,g5555
2232111,g5555
2232111,g5555
2232111,g5555
2232111,g5555
2232111,g5555
2232111,g5555
2232111,g5555
2232111,g5555
2232111,g5555
22321111,g5555
22321111,g5555
22321111,g5555
22321111,g5555
22321111,g5555
22321111,g5555
22321111,g5555
22321111,g5555
22321111,g5555
22321111,g5555
22321111,g5555
22321111,g5555
22321111,g5555
22321111,g5555
22321111,g5555
22321111,g5555
22321111,g5555
22321111,g5555
22321111,g5555
22321111,g5555
22321111,g5555
22321111,g5555
22321111,g5555
22321111,g5555
22321111,g5555
22321111,g5555
22321111,g5555
22321111,g5555
22321111,g5555
22321111,g5555
22321111,g5555
22321111,g5555
22321111,g5555
22321111,g5555
22321111,g5555
22321111,g5555
22321111,g5555
22321111,g5555
22321111,g5555
22321111,g5555
22321111,g5555
22321111,g5555
22321111,g5555
22321111,g5555
22321111,g5555
22321111,g5555
22321111,g5555
22321111,g5555
22321111,g5555
22321111,g5555
22321111,g5555
22321111,g5555
22321111,g5555
22321111,g5555
22321111,g5555
22321111,g5555
22321111,g5555
22321111,g5555
22321111,g5555
22321111,g5555
22321111,g5555
22321111,g5555
22321111,g5555
22321111,g5555
22321111,g5555
22321111,g5555
22321111,g5555
22321111,g5555
22321111,g5555
22321112222,g5555
22321112222,g5555
22321112222,g5555
22321112222,g5555
22321112222,g5555
22321112222,g5555
22321112222,g5555
22321112222,g5555
22321112222,g5555
22321112222,g5555
22321112222,g5555
22321112222,g5555
22321112222,g5555
22321112222,g5555
22321112222,g5555
22321112222,g5555
22321112222,g5555
22321112222,g5555
22321112222,g5555
22321112222,g5555
22321112222,g5555
22321112222,g5555
22321112222,g5555
22321112222,g5555
22321112222,g5555
22321112222,g5555
22321112222,g5555
22321112222,g5555
22321112222,g5555
22321112222,g5555
22321112222,g5555
22321112222,g5555
22321112222,g5555
22321112222,g5555
22321112222,g5555
22321112222,g5555
22321112222,g5555
22321112222,g5555
22321112222,g5555
22321112222,g5555
22321112222,g5555
22321112222,g5555
22321112222,g5555
22321112222,g5555
22321112222,g5555
22321112222,g5555
22321112222,g5555
22321112222,g5555
22321112222,g5555
22321112222,g5555
22321112222,g5555
22321112222,g5555
22321112222,g5555
22321112222,g5555
22321112222,g5555